[
{
    "pk": 1,
    "model": "wagtailcore.page",
    "fields": {
        "title": "Root",
        "numchild": 1,
        "show_in_menus": false,
        "live": true,
        "depth": 1,
        "content_type": [
            "wagtailcore",
            "page"
        ],
        "path": "0001",
        "url_path": "/",
        "slug": "root"
    }
},

{
    "pk": 2,
    "model": "wagtailcore.page",
    "fields": {
        "title": "Home",
        "numchild": 6,
        "show_in_menus": false,
        "live": true,
        "depth": 2,
        "content_type": ["tests", "toplevelpage"],
        "path": "00010001",
        "url_path": "/home/",
        "slug": "home"
    }
},
{
    "pk": 2,
    "model": "tests.toplevelpage",
    "fields": {
        "repeat_in_subnav": false
    }
},
{
    "pk": 3,
    "model": "wagtailcore.page",
    "fields": {
        "title": "About Us",
        "numchild": 4,
        "show_in_menus": true,
        "live": true,
        "depth": 3,
        "content_type": ["tests", "toplevelpage"],
        "path": "000100010001",
        "url_path": "/home/about-us/",
        "slug": "about-us"
    }
},
{
    "pk": 3,
    "model": "tests.toplevelpage",
    "fields": {
        "repeat_in_subnav": true,
        "subnav_menu_text": "Section home"
    }
},
{
    "pk": 4,
    "model": "wagtailcore.page",
    "fields": {
        "title": "Meet the team",
        "numchild": 0,
        "show_in_menus": true,
        "live": true,
        "depth": 4,
        "content_type": ["tests", "lowlevelpage"],
        "path": "0001000100010001",
        "url_path": "/home/about-us/meet-the-team/",
        "slug": "meet-the-team"
    }
},
{
    "pk": 4,
    "model": "tests.lowlevelpage",
    "fields": {}
},
{
    "pk": 5,
    "model": "wagtailcore.page",
    "fields": {
        "title": "Our heritage",
        "numchild": 0,
        "show_in_menus": true,
        "live": true,
        "depth": 4,
        "content_type": ["tests", "lowlevelpage"],
        "path": "0001000100010002",
        "url_path": "/home/about-us/our-heritage/",
        "slug": "mission-and-values"
    }
},
{
    "pk": 5,
    "model": "tests.lowlevelpage",
    "fields": {}
},
{
    "pk": 6,
    "model": "wagtailcore.page",
    "fields": {
        "title": "Our mission and values",
        "numchild": 0,
        "show_in_menus": true,
        "live": true,
        "depth": 4,
        "content_type": ["tests", "lowlevelpage"],
        "path": "0001000100010003",
        "url_path": "/home/about-us/mission-and-values/",
        "slug": "mission-and-values"
    }
},
{
    "pk": 6,
    "model": "tests.lowlevelpage",
    "fields": {}
},
{
    "pk": 7,
    "model": "wagtailcore.page",
    "fields": {
        "title": "Staff vacancies",
        "numchild": 0,
        "show_in_menus": false,
        "live": true,
        "depth": 4,
        "content_type": ["tests", "lowlevelpage"],
        "path": "0001000100010004",
        "url_path": "/home/about-us/staff-vacancies/",
        "slug": "staff-vacancies"
    }
},
{
    "pk": 7,
    "model": "tests.lowlevelpage",
    "fields": {}
},
{
    "pk": 8,
    "model": "wagtailcore.page",
    "fields": {
        "title": "Superheroes (hidden)",
        "numchild": 2,
        "show_in_menus": false,
        "live": true,
        "depth": 3,
        "content_type": ["tests", "toplevelpage"],
        "path": "000100010002",
        "url_path": "/home/superheroes/",
        "slug": "superheroes"
    }
},
{
    "pk": 8,
    "model": "tests.toplevelpage",
    "fields": {
        "repeat_in_subnav": false,
        "subnav_menu_text": ""
    }
},
{
    "pk": 9,
    "model": "wagtailcore.page",
    "fields": {
        "title": "Marvel Comics",
        "numchild": 0,
        "show_in_menus": true,
        "live": true,
        "depth": 4,
        "content_type": ["tests", "lowlevelpage"],
        "path": "0001000100020001",
        "url_path": "/home/superheroes/marvel-comics/",
        "slug": "marvel-comics"
    }
},
{
    "pk": 9,
    "model": "tests.lowlevelpage",
    "fields": {}
},
{
    "pk": 10,
    "model": "wagtailcore.page",
    "fields": {
        "title": "D.C. Comics",
        "numchild": 0,
        "show_in_menus": true,
        "live": true,
        "depth": 4,
        "content_type": ["tests", "lowlevelpage"],
        "path": "0001000100020002",
        "url_path": "/home/superheroes/dc-comics/",
        "slug": "dc-comics"
    }
},
{
    "pk": 10,
    "model": "tests.lowlevelpage",
    "fields": {}
},
{
    "pk": 11,
    "model": "wagtailcore.page",
    "fields": {
        "title": "News & events",
        "numchild": 3,
        "show_in_menus": true,
        "live": true,
        "depth": 3,
        "content_type": ["tests", "toplevelpage"],
        "path": "000100010003",
        "url_path": "/home/news-and-events/",
        "slug": "news-and-events"
    }
},
{
    "pk": 11,
    "model": "tests.toplevelpage",
    "fields": {
        "repeat_in_subnav": false
    }
},
{
    "pk": 12,
    "model": "wagtailcore.page",
    "fields": {
        "title": "Latest news",
        "numchild": 0,
        "show_in_menus": true,
        "live": true,
        "depth": 4,
        "content_type": ["tests", "lowlevelpage"],
        "path": "0001000100030001",
        "url_path": "/home/news-and-events/latest-news/",
        "slug": "latest-news"
    }
},
{
    "pk": 12,
    "model": "tests.lowlevelpage",
    "fields": {}
},
{
    "pk": 13,
    "model": "wagtailcore.page",
    "fields": {
        "title": "Upcoming events",
        "numchild": 0,
        "show_in_menus": true,
        "live": true,
        "depth": 4,
        "content_type": ["tests", "lowlevelpage"],
        "path": "0001000100030002",
        "url_path": "/home/news-and-events/upcoming-events/",
        "slug": "upcoming-events"
    }
},
{
    "pk": 13,
    "model": "tests.lowlevelpage",
    "fields": {}
},
{
    "pk": 14,
    "model": "wagtailcore.page",
    "fields": {
        "title": "In the press",
        "numchild": 0,
        "show_in_menus": true,
        "live": true,
        "depth": 4,
        "content_type": ["tests", "lowlevelpage"],
        "path": "0001000100030003",
        "url_path": "/home/news-and-events/in-the-press/",
        "slug": "in-the-press"
    }
},
{
    "pk": 14,
    "model": "tests.lowlevelpage",
    "fields": {}
},
{
    "pk": 15,
    "model": "wagtailcore.page",
    "fields": {
        "title": "Contact us",
        "numchild": 0,
        "show_in_menus": true,
        "live": true,
        "depth": 3,
        "content_type": ["tests", "toplevelpage"],
        "path": "000100010004",
        "url_path": "/home/contact-us/",
        "slug": "contact-us"
    }
},
{
    "pk": 15,
    "model": "tests.toplevelpage",
    "fields": {
        "repeat_in_subnav": true
    }
},
{
    "pk": 16,
    "model": "wagtailcore.page",
    "fields": {
        "title": "Legal",
        "numchild": 4,
        "show_in_menus": false,
        "live": true,
        "depth": 3,
        "content_type": ["tests", "toplevelpage"],
        "path": "000100010005",
        "url_path": "/home/legal/",
        "slug": "legal"
    }
},
{
    "pk": 16,
    "model": "tests.toplevelpage",
    "fields": {
        "repeat_in_subnav": false
    }
},
{
    "pk": 17,
    "model": "wagtailcore.page",
    "fields": {
        "title": "Accessibility",
        "numchild": 0,
        "show_in_menus": true,
        "live": true,
        "depth": 4,
        "content_type": ["tests", "lowlevelpage"],
        "path": "0001000100050001",
        "url_path": "/home/legal/accessibility/",
        "slug": "accessibility"
    }
},
{
    "pk": 17,
    "model": "tests.lowlevelpage",
    "fields": {}
},
{
    "pk": 18,
    "model": "wagtailcore.page",
    "fields": {
        "title": "Privacy policy",
        "numchild": 0,
        "show_in_menus": true,
        "live": true,
        "depth": 4,
        "content_type": ["tests", "lowlevelpage"],
        "path": "0001000100050002",
        "url_path": "/home/legal/privacy-policy/",
        "slug": "privacy-policy"
    }
},
{
    "pk": 18,
    "model": "tests.lowlevelpage",
    "fields": {}
},
{
    "pk": 19,
    "model": "wagtailcore.page",
    "fields": {
        "title": "Terms and conditions",
        "numchild": 0,
        "show_in_menus": true,
        "live": true,
        "depth": 4,
        "content_type": ["tests", "lowlevelpage"],
        "path": "0001000100050003",
        "url_path": "/home/legal/terms-and-conditions/",
        "slug": "terms-and-conditions"
    }
},
{
    "pk": 19,
    "model": "tests.lowlevelpage",
    "fields": {}
},

{
    "pk": 20,
    "model": "wagtailcore.page",
    "fields": {
        "title": "Test (draft)",
        "numchild": 0,
        "show_in_menus": true,
        "live": false,
        "depth": 4,
        "content_type": ["tests", "lowlevelpage"],
        "path": "0001000100050004",
        "url_path": "/home/legal/test/",
        "slug": "test"
    }
},
{
    "pk": 20,
    "model": "tests.lowlevelpage",
    "fields": {}
},
{
    "pk": 1,
    "model": "wagtailcore.site",
    "fields": {
        "root_page": 2,
        "hostname": "localhost",
        "port": 80,
        "is_default_site": true
    }
},
{
    "pk": 1,
    "model": "wagtailmenus.mainmenu",
    "fields": {
        "site": 1
    }
},
{
    "pk": 1,
    "model": "wagtailmenus.mainmenuitem",
    "fields": {
        "menu": 1,
        "link_page": 2,
        "sort_order": 0,
        "allow_subnav": true

    }
},
{
    "pk": 2,
    "model": "wagtailmenus.mainmenuitem",
    "fields": {
        "menu": 1,
        "link_page": 3,
        "link_text": "About",
        "sort_order": 1,
        "allow_subnav": true

    }
},
{
    "pk": 3,
    "model": "wagtailmenus.mainmenuitem",
    "fields": {
        "menu": 1,
        "link_page": 8,
        "sort_order": 2,
        "allow_subnav": true

    }
},
{
    "pk": 4,
    "model": "wagtailmenus.mainmenuitem",
    "fields": {
        "menu": 1,
        "link_page": 11,
        "link_text": "",
        "sort_order": 3,
        "allow_subnav": true
    }
},
{
    "pk": 5,
    "model": "wagtailmenus.mainmenuitem",
    "fields": {
        "menu": 1,
        "link_url": "http://google.co.uk",
        "link_text": "Google",
        "sort_order": 4,
        "allow_subnav": true
    }
},
{
    "pk": 6,
    "model": "wagtailmenus.mainmenuitem",
    "fields": {
        "menu": 1,
        "link_page": 15,
        "link_text": "",
        "sort_order": 5,
        "allow_subnav": true
    }
},
{
    "pk": 1,
    "model": "wagtailmenus.flatmenu",
    "fields": {
        "site": 1,
        "title": "CTA links",
        "handle": "info",
        "heading": ""
    }
},
{
    "pk": 1,
    "model": "wagtailmenus.flatmenuitem",
    "fields": {
        "menu": 1,
        "link_page": 15,
        "url_append": "#offices",
        "link_text": "Call us",
        "sort_order": 0
    }
},
{
    "pk": 2,
    "model": "wagtailmenus.flatmenuitem",
    "fields": {
        "menu": 1,
        "link_url": "#advisor-chat",
        "link_text": "Online chat",
        "sort_order": 1
    }
},
{
    "pk": 3,
    "model": "wagtailmenus.flatmenuitem",
    "fields": {
        "menu": 1,
        "link_url": "#request-callback",
        "link_text": "Request a callback",
        "sort_order": 2
    }
},
{
    "pk": 2,
    "model": "wagtailmenus.flatmenu",
    "fields": {
        "site": 1,
        "title": "Footer links",
        "handle": "footer",
        "heading": "Important links"
    }
},
{
    "pk": 4,
    "model": "wagtailmenus.flatmenuitem",
    "fields": {
        "menu": 2,
        "link_page": 17,
        "sort_order": 0
    }
},
{
    "pk": 5,
    "model": "wagtailmenus.flatmenuitem",
    "fields": {
        "menu": 2,
        "link_page": 18,
        "sort_order": 1
    }
},
{
    "pk": 6,
    "model": "wagtailmenus.flatmenuitem",
    "fields": {
        "menu": 2,
        "link_page": 19,
        "sort_order": 2
    }
},
{
    "pk": 7,
    "model": "wagtailmenus.flatmenuitem",
    "fields": {
        "menu": 2,
        "link_page": 20,
        "sort_order": 3
    }
}
]
