[
{
    "model": "wagtailcore.site",
    "pk": 1,
    "fields": {
        "hostname": "localhost",
        "port": 8000,
        "site_name": "Test",
        "root_page": 5,
        "is_default_site": true
    }
},
{
    "model": "wagtailmenus.mainmenu",
    "pk": 1,
    "fields": {
        "site": 1
    }
},
{
    "model": "wagtailmenus.mainmenuitem",
    "pk": 1,
    "fields": {
        "sort_order": 0,
        "link_page": 5,
        "link_url": "",
        "link_text": "",
        "url_append": "",
        "menu": 1,
        "allow_subnav": true
    }
},
{
    "model": "wagtailmenus.mainmenuitem",
    "pk": 2,
    "fields": {
        "sort_order": 1,
        "link_page": 6,
        "link_url": "",
        "link_text": "About",
        "url_append": "",
        "menu": 1,
        "allow_subnav": true
    }
},
{
    "model": "wagtailmenus.mainmenuitem",
    "pk": 3,
    "fields": {
        "sort_order": 2,
        "link_page": 11,
        "link_url": "",
        "link_text": "Superheroes",
        "url_append": "",
        "menu": 1,
        "allow_subnav": true
    }
},
{
    "model": "wagtailmenus.mainmenuitem",
    "pk": 4,
    "fields": {
        "sort_order": 3,
        "link_page": 14,
        "link_url": "",
        "link_text": "",
        "url_append": "",
        "menu": 1,
        "allow_subnav": true
    }
},
{
    "model": "wagtailmenus.mainmenuitem",
    "pk": 5,
    "fields": {
        "sort_order": 4,
        "link_page": null,
        "link_url": "http://google.co.uk",
        "link_text": "Google",
        "url_append": "",
        "menu": 1,
        "allow_subnav": true
    }
},
{
    "model": "wagtailmenus.mainmenuitem",
    "pk": 6,
    "fields": {
        "sort_order": 5,
        "link_page": 18,
        "link_url": "",
        "link_text": "",
        "url_append": "",
        "menu": 1,
        "allow_subnav": true
    }
},
{
    "model": "wagtailmenus.flatmenu",
    "pk": 1,
    "fields": {
        "site": 1,
        "title": "Contact links",
        "handle": "contact",
        "heading": ""
    }
},
{
    "model": "wagtailmenus.flatmenuitem",
    "pk": 1,
    "fields": {
        "sort_order": 0,
        "link_page": 18,
        "link_url": "",
        "link_text": "Call us",
        "url_append": "#offices",
        "menu": 1
    }
},
{
    "model": "wagtailmenus.flatmenuitem",
    "pk": 2,
    "fields": {
        "sort_order": 1,
        "link_page": null,
        "link_url": "#advisor-chat",
        "link_text": "Chat to an advisor",
        "url_append": "",
        "menu": 1
    }
},
{
    "model": "wagtailmenus.flatmenuitem",
    "pk": 3,
    "fields": {
        "sort_order": 2,
        "link_page": null,
        "link_url": "#request-callback",
        "link_text": "Request a callback",
        "url_append": "",
        "menu": 1
    }
},
{
    "model": "wagtailmenus.flatmenu",
    "pk": 2,
    "fields": {
        "site": 1,
        "title": "Footer links",
        "handle": "footer",
        "heading": "Important links"
    }
},
{
    "model": "wagtailmenus.flatmenuitem",
    "pk": 4,
    "fields": {
        "sort_order": 0,
        "link_page": 20,
        "link_url": "",
        "link_text": "",
        "url_append": "",
        "menu": 2
    }
},
{
    "model": "wagtailmenus.flatmenuitem",
    "pk": 5,
    "fields": {
        "sort_order": 1,
        "link_page": 21,
        "link_url": "",
        "link_text": "",
        "url_append": "",
        "menu": 2
    }
},
{
    "model": "wagtailmenus.flatmenuitem",
    "pk": 6,
    "fields": {
        "sort_order": 2,
        "link_page": 22,
        "link_url": "",
        "link_text": "",
        "url_append": "",
        "menu": 2
    }
},
{
    "model": "wagtailmenus.flatmenuitem",
    "pk": 7,
    "fields": {
        "sort_order": 3,
        "link_page": 24,
        "link_url": "",
        "link_text": "",
        "url_append": "",
        "menu": 2
    }
},
{
    "model": "sites.site",
    "pk": 1,
    "fields": {
        "domain": "example.com",
        "name": "example.com"
    }
},
{
    "model": "wagtailcore.page",
    "pk": 1,
    "fields": {
        "path": "0001",
        "depth": 1,
        "numchild": 1,
        "title": "Root",
        "slug": "root",
        "content_type": ["wagtailcore", "page"],
        "live": true,
        "has_unpublished_changes": false,
        "url_path": "/",
        "owner": null,
        "show_in_menus": false,
        "first_published_at": null,
        "latest_revision_created_at": null
    }
},
{
    "model": "wagtailcore.page",
    "pk": 5,
    "fields": {
        "path": "00010002",
        "depth": 2,
        "numchild": 5,
        "title": "Home",
        "slug": "home",
        "content_type": ["tests", "homepage"],
        "live": true,
        "has_unpublished_changes": false,
        "url_path": "/home/",
        "show_in_menus": true,
        "first_published_at": "2016-04-18T11:12:19.295Z",
        "latest_revision_created_at": "2016-04-18T11:54:50.842Z"
    }
},
{
    "model": "wagtailcore.page",
    "pk": 6,
    "fields": {
        "path": "000100020001",
        "depth": 3,
        "numchild": 4,
        "title": "About us",
        "slug": "about-us",
        "content_type": ["tests", "toplevelpage"],
        "live": true,
        "has_unpublished_changes": false,
        "url_path": "/home/about-us/",
        "show_in_menus": true,
        "first_published_at": "2016-04-18T11:14:33.551Z",
        "latest_revision_created_at": "2016-04-18T11:15:05.462Z"
    }
},
{
    "model": "wagtailcore.page",
    "pk": 7,
    "fields": {
        "path": "0001000200010001",
        "depth": 4,
        "numchild": 0,
        "title": "Meet the team",
        "slug": "meet-the-team",
        "content_type": ["tests", "lowlevelpage"],
        "live": true,
        "has_unpublished_changes": false,
        "url_path": "/home/about-us/meet-the-team/",
        "show_in_menus": true,
        "first_published_at": "2016-04-18T11:15:29.218Z",
        "latest_revision_created_at": "2016-04-18T11:15:29.201Z"
    }
},
{
    "model": "wagtailcore.page",
    "pk": 8,
    "fields": {
        "path": "0001000200010002",
        "depth": 4,
        "numchild": 0,
        "title": "Our heritage",
        "slug": "our-heritage",
        "content_type": ["tests", "lowlevelpage"],
        "live": true,
        "has_unpublished_changes": false,
        "url_path": "/home/about-us/our-heritage/",
        "show_in_menus": true,
        "first_published_at": "2016-04-18T11:15:48.376Z",
        "latest_revision_created_at": "2016-04-18T11:15:48.361Z"
    }
},
{
    "model": "wagtailcore.page",
    "pk": 9,
    "fields": {
        "path": "0001000200010003",
        "depth": 4,
        "numchild": 0,
        "title": "Our mission and values",
        "slug": "mission-and-values",
        "content_type": ["tests", "lowlevelpage"],
        "live": true,
        "has_unpublished_changes": false,
        "url_path": "/home/about-us/mission-and-values/",
        "show_in_menus": true,
        "first_published_at": "2016-04-18T11:16:41.371Z",
        "latest_revision_created_at": "2016-04-18T11:16:41.356Z"
    }
},
{
    "model": "wagtailcore.page",
    "pk": 10,
    "fields": {
        "path": "0001000200010004",
        "depth": 4,
        "numchild": 0,
        "title": "Staff vacancies",
        "slug": "staff-vacancies",
        "content_type": ["tests", "lowlevelpage"],
        "live": true,
        "has_unpublished_changes": false,
        "url_path": "/home/about-us/staff-vacancies/",
        "show_in_menus": false,
        "first_published_at": "2016-04-18T11:17:08.211Z",
        "latest_revision_created_at": "2016-04-18T11:17:08.196Z"
    }
},
{
    "model": "wagtailcore.page",
    "pk": 11,
    "fields": {
        "path": "000100020002",
        "depth": 3,
        "numchild": 2,
        "title": "Superheroes (hidden)",
        "slug": "superheroes-hidden",
        "content_type": ["tests", "toplevelpage"],
        "live": true,
        "has_unpublished_changes": false,
        "url_path": "/home/superheroes-hidden/",
        "show_in_menus": false,
        "first_published_at": "2016-04-18T11:19:12.566Z",
        "latest_revision_created_at": "2016-04-18T11:19:12.552Z"
    }
},
{
    "model": "wagtailcore.page",
    "pk": 12,
    "fields": {
        "path": "0001000200020001",
        "depth": 4,
        "numchild": 0,
        "title": "Marvel Comics",
        "slug": "marvel-comics",
        "content_type": ["tests", "lowlevelpage"],
        "live": true,
        "has_unpublished_changes": false,
        "url_path": "/home/superheroes-hidden/marvel-comics/",
        "show_in_menus": true,
        "first_published_at": "2016-04-18T11:19:37.045Z",
        "latest_revision_created_at": "2016-04-18T11:19:37.030Z"
    }
},
{
    "model": "wagtailcore.page",
    "pk": 13,
    "fields": {
        "path": "0001000200020002",
        "depth": 4,
        "numchild": 0,
        "title": "D.C. Comics",
        "slug": "dc-comics",
        "content_type": ["tests", "lowlevelpage"],
        "live": true,
        "has_unpublished_changes": false,
        "url_path": "/home/superheroes-hidden/dc-comics/",
        "show_in_menus": true,
        "first_published_at": "2016-04-18T11:19:59.116Z",
        "latest_revision_created_at": "2016-04-18T11:19:59.099Z"
    }
},
{
    "model": "wagtailcore.page",
    "pk": 14,
    "fields": {
        "path": "000100020003",
        "depth": 3,
        "numchild": 3,
        "title": "News & events",
        "slug": "news-and-events",
        "content_type": ["tests", "toplevelpage"],
        "live": true,
        "has_unpublished_changes": false,
        "url_path": "/home/news-and-events/",
        "show_in_menus": true,
        "first_published_at": "2016-04-18T11:20:45.992Z",
        "latest_revision_created_at": "2016-04-18T11:20:45.976Z"
    }
},
{
    "model": "wagtailcore.page",
    "pk": 15,
    "fields": {
        "path": "0001000200030001",
        "depth": 4,
        "numchild": 0,
        "title": "Latest news",
        "slug": "latest-news",
        "content_type": ["tests", "lowlevelpage"],
        "live": true,
        "has_unpublished_changes": false,
        "url_path": "/home/news-and-events/latest-news/",
        "show_in_menus": true,
        "first_published_at": "2016-04-18T11:21:39.087Z",
        "latest_revision_created_at": "2016-04-18T11:21:39.071Z"
    }
},
{
    "model": "wagtailcore.page",
    "pk": 16,
    "fields": {
        "path": "0001000200030002",
        "depth": 4,
        "numchild": 0,
        "title": "Upcoming events",
        "slug": "upcoming-events",
        "content_type": ["tests", "lowlevelpage"],
        "live": true,
        "has_unpublished_changes": false,
        "url_path": "/home/news-and-events/upcoming-events/",
        "show_in_menus": true,
        "first_published_at": "2016-04-18T11:22:08.789Z",
        "latest_revision_created_at": "2016-04-18T11:22:08.773Z"
    }
},
{
    "model": "wagtailcore.page",
    "pk": 17,
    "fields": {
        "path": "0001000200030003",
        "depth": 4,
        "numchild": 0,
        "title": "In the press",
        "slug": "press",
        "content_type": ["tests", "lowlevelpage"],
        "live": true,
        "has_unpublished_changes": false,
        "url_path": "/home/news-and-events/press/",
        "show_in_menus": true,
        "first_published_at": "2016-04-18T11:22:24.623Z",
        "latest_revision_created_at": "2016-04-18T11:22:24.606Z"
    }
},
{
    "model": "wagtailcore.page",
    "pk": 18,
    "fields": {
        "path": "000100020004",
        "depth": 3,
        "numchild": 0,
        "title": "Contact us",
        "slug": "contact-us",
        "content_type": ["tests", "toplevelpage"],
        "live": true,
        "has_unpublished_changes": false,
        "url_path": "/home/contact-us/",
        "show_in_menus": true,
        "first_published_at": "2016-04-18T11:23:05.728Z",
        "latest_revision_created_at": "2016-04-18T11:39:32.789Z"
    }
},
{
    "model": "wagtailcore.page",
    "pk": 19,
    "fields": {
        "path": "000100020005",
        "depth": 3,
        "numchild": 4,
        "title": "Legal",
        "slug": "legal",
        "content_type": ["tests", "toplevelpage"],
        "live": true,
        "has_unpublished_changes": false,
        "url_path": "/home/legal/",
        "show_in_menus": true,
        "first_published_at": "2016-04-18T11:24:09.013Z",
        "latest_revision_created_at": "2016-04-18T11:25:44.977Z"
    }
},
{
    "model": "wagtailcore.page",
    "pk": 20,
    "fields": {
        "path": "0001000200050001",
        "depth": 4,
        "numchild": 0,
        "title": "Accessibility",
        "slug": "accessibility",
        "content_type": ["tests", "lowlevelpage"],
        "live": true,
        "has_unpublished_changes": false,
        "url_path": "/home/legal/accessibility/",
        "show_in_menus": true,
        "first_published_at": "2016-04-18T11:24:39.476Z",
        "latest_revision_created_at": "2016-04-18T11:24:39.460Z"
    }
},
{
    "model": "wagtailcore.page",
    "pk": 21,
    "fields": {
        "path": "0001000200050002",
        "depth": 4,
        "numchild": 0,
        "title": "Privacy policy",
        "slug": "privacy-policy",
        "content_type": ["tests", "lowlevelpage"],
        "live": true,
        "has_unpublished_changes": false,
        "url_path": "/home/legal/privacy-policy/",
        "show_in_menus": true,
        "first_published_at": "2016-04-18T11:24:55.257Z",
        "latest_revision_created_at": "2016-04-18T11:24:55.239Z"
    }
},
{
    "model": "wagtailcore.page",
    "pk": 22,
    "fields": {
        "path": "0001000200050003",
        "depth": 4,
        "numchild": 0,
        "title": "Terms and conditions",
        "slug": "terms-and-conditions",
        "content_type": ["tests", "lowlevelpage"],
        "live": true,
        "has_unpublished_changes": false,
        "url_path": "/home/legal/terms-and-conditions/",
        "show_in_menus": true,
        "first_published_at": "2016-04-18T11:25:14.635Z",
        "latest_revision_created_at": "2016-04-18T11:25:14.619Z"
    }
},
{
    "model": "wagtailcore.page",
    "pk": 24,
    "fields": {
        "path": "0001000200050004",
        "depth": 4,
        "numchild": 0,
        "title": "Test draft",
        "slug": "test",
        "content_type": ["tests", "lowlevelpage"],
        "live": false,
        "has_unpublished_changes": true,
        "url_path": "/home/legal/test/",
        "show_in_menus": true,
        "first_published_at": null,
        "latest_revision_created_at": "2016-04-18T11:29:42.075Z"
    }
},
{
    "model": "tests.lowlevelpage",
    "pk": 7,
    "fields": {}
},
{
    "model": "tests.lowlevelpage",
    "pk": 8,
    "fields": {}
},
{
    "model": "tests.lowlevelpage",
    "pk": 9,
    "fields": {}
},
{
    "model": "tests.lowlevelpage",
    "pk": 10,
    "fields": {}
},
{
    "model": "tests.lowlevelpage",
    "pk": 12,
    "fields": {}
},
{
    "model": "tests.lowlevelpage",
    "pk": 13,
    "fields": {}
},
{
    "model": "tests.lowlevelpage",
    "pk": 15,
    "fields": {}
},
{
    "model": "tests.lowlevelpage",
    "pk": 16,
    "fields": {}
},
{
    "model": "tests.lowlevelpage",
    "pk": 17,
    "fields": {}
},
{
    "model": "tests.lowlevelpage",
    "pk": 20,
    "fields": {}
},
{
    "model": "tests.lowlevelpage",
    "pk": 21,
    "fields": {}
},
{
    "model": "tests.lowlevelpage",
    "pk": 22,
    "fields": {}
},
{
    "model": "tests.lowlevelpage",
    "pk": 24,
    "fields": {}
},
{
    "model": "tests.toplevelpage",
    "pk": 6,
    "fields": {
        "repeat_in_subnav": true,
        "subnav_menu_text": "Section home"
    }
},
{
    "model": "tests.toplevelpage",
    "pk": 11,
    "fields": {
        "repeat_in_subnav": false,
        "subnav_menu_text": ""
    }
},
{
    "model": "tests.toplevelpage",
    "pk": 14,
    "fields": {
        "repeat_in_subnav": false,
        "subnav_menu_text": ""
    }
},
{
    "model": "tests.toplevelpage",
    "pk": 18,
    "fields": {
        "repeat_in_subnav": true,
        "subnav_menu_text": ""
    }
},
{
    "model": "tests.toplevelpage",
    "pk": 19,
    "fields": {
        "repeat_in_subnav": false,
        "subnav_menu_text": ""
    }
},
{
    "model": "tests.homepage",
    "pk": 5,
    "fields": {
        "repeat_in_subnav": false,
        "subnav_menu_text": ""
    }
}
]
