[
    {
        "model": "wagtailcore.locale",
        "pk": 1,
        "fields": {
            "language_code": "en"
        }
    },
    {
        "model": "wagtailcore.locale",
        "pk": 2,
        "fields": {
            "language_code": "de"
        }
    },
    {
        "model": "wagtailcore.locale",
        "pk": 3,
        "fields": {
            "language_code": "fr"
        }
    },
    {
        "model": "wagtailcore.locale",
        "pk": 4,
        "fields": {
            "language_code": "it"
        }
    },
    {
        "model": "wagtailcore.site",
        "pk": 1,
        "fields": {
            "hostname": "www.wagtailmenus.co.uk",
            "port": 8000,
            "site_name": "wagtailmenus (co.uk)",
            "root_page": 5,
            "is_default_site": true
        }
    },
    {
        "model": "wagtailcore.site",
        "pk": 2,
        "fields": {
            "hostname": "www.wagtailmenus.org",
            "port": 8000,
            "site_name": "wagtailmenus (org)",
            "root_page": 5,
            "is_default_site": false
        }
    },
    {
        "model": "wagtailmenus.mainmenu",
        "pk": 1,
        "fields": {
            "site": 1
        }
    },
    {
        "model": "wagtailmenus.mainmenuitem",
        "pk": 1,
        "fields": {
            "sort_order": 0,
            "link_page": 5,
            "link_url": "",
            "link_text": "",
            "url_append": "",
            "menu": 1,
            "allow_subnav": true
        }
    },
    {
        "model": "wagtailmenus.mainmenuitem",
        "pk": 2,
        "fields": {
            "sort_order": 1,
            "link_page": 6,
            "link_url": "",
            "link_text": "About",
            "url_append": "",
            "menu": 1,
            "allow_subnav": true
        }
    },
    {
        "model": "wagtailmenus.mainmenuitem",
        "pk": 3,
        "fields": {
            "sort_order": 2,
            "link_page": 11,
            "link_url": "",
            "link_text": "Superheroes",
            "url_append": "",
            "menu": 1,
            "allow_subnav": true
        }
    },
    {
        "model": "wagtailmenus.mainmenuitem",
        "pk": 4,
        "fields": {
            "sort_order": 3,
            "link_page": 14,
            "link_url": "",
            "link_text": "",
            "url_append": "",
            "menu": 1,
            "allow_subnav": true
        }
    },
    {
        "model": "wagtailmenus.mainmenuitem",
        "pk": 5,
        "fields": {
            "sort_order": 4,
            "link_page": null,
            "link_url": "http://google.co.uk",
            "link_text": "Google",
            "url_append": "",
            "menu": 1,
            "allow_subnav": true
        }
    },
    {
        "model": "wagtailmenus.mainmenuitem",
        "pk": 6,
        "fields": {
            "sort_order": 5,
            "link_page": 18,
            "link_url": "",
            "link_text": "",
            "url_append": "",
            "menu": 1,
            "allow_subnav": true
        }
    },
    {
        "model": "wagtailmenus.flatmenu",
        "pk": 1,
        "fields": {
            "site": 1,
            "title": "контакт ссылки",
            "handle": "contact",
            "heading": ""
        }
    },
    {
        "model": "wagtailmenus.flatmenuitem",
        "pk": 1,
        "fields": {
            "sort_order": 0,
            "link_page": 18,
            "link_url": "",
            "link_text": "Call us",
            "url_append": "#offices",
            "menu": 1
        }
    },
    {
        "model": "wagtailmenus.flatmenuitem",
        "pk": 2,
        "fields": {
            "sort_order": 1,
            "link_page": null,
            "link_url": "#advisor-chat",
            "link_text": "Chat to an advisor",
            "url_append": "",
            "menu": 1
        }
    },
    {
        "model": "wagtailmenus.flatmenuitem",
        "pk": 3,
        "fields": {
            "sort_order": 2,
            "link_page": null,
            "link_url": "#request-callback",
            "link_text": "Request a callback",
            "url_append": "",
            "menu": 1
        }
    },
    {
        "model": "wagtailmenus.flatmenu",
        "pk": 2,
        "fields": {
            "site": 1,
            "title": "odkazy v zápatí",
            "handle": "footer",
            "heading": "Important links"
        }
    },
    {
        "model": "wagtailmenus.flatmenuitem",
        "pk": 4,
        "fields": {
            "sort_order": 0,
            "link_page": 20,
            "link_url": "",
            "link_text": "",
            "url_append": "",
            "menu": 2
        }
    },
    {
        "model": "wagtailmenus.flatmenuitem",
        "pk": 5,
        "fields": {
            "sort_order": 1,
            "link_page": 21,
            "link_url": "",
            "link_text": "",
            "url_append": "",
            "menu": 2
        }
    },
    {
        "model": "wagtailmenus.flatmenuitem",
        "pk": 6,
        "fields": {
            "sort_order": 2,
            "link_page": 22,
            "link_url": "",
            "link_text": "",
            "url_append": "",
            "menu": 2
        }
    },
    {
        "model": "wagtailmenus.flatmenuitem",
        "pk": 7,
        "fields": {
            "sort_order": 3,
            "link_page": 24,
            "link_url": "",
            "link_text": "",
            "url_append": "",
            "menu": 2
        }
    },
    {
        "model": "wagtailmenus.flatmenuitem",
        "pk": 8,
        "fields": {
            "sort_order": 4,
            "link_page": null,
            "link_url": "/about-us/meet-the-team/custom-url/",
            "link_text": "Meet the team's pets",
            "url_append": "",
            "menu": 2
        }
    },
    {
        "model": "wagtailmenus.flatmenu",
        "pk": 3,
        "fields": {
            "site": 1,
            "title": "Header navigation (secondary)",
            "handle": "header-secondary",
            "heading": ""
        }
    },
    {
        "model": "wagtailmenus.flatmenuitem",
        "pk": 9,
        "fields": {
            "sort_order": 0,
            "link_page": 6,
            "link_url": "",
            "link_text": "",
            "allow_subnav": true,
            "menu": 3
        }
    },
    {
        "model": "wagtailmenus.flatmenuitem",
        "pk": 10,
        "fields": {
            "sort_order": 1,
            "link_page": 12,
            "link_url": "",
            "link_text": "",
            "url_append": "",
            "allow_subnav": false,
            "menu": 3
        }
    },
    {
        "model": "wagtailmenus.flatmenuitem",
        "pk": 11,
        "fields": {
            "sort_order": 2,
            "link_page": 13,
            "link_url": "",
            "link_text": "",
            "url_append": "",
            "allow_subnav": false,
            "menu": 3
        }
    },
    {
        "model": "sites.site",
        "pk": 1,
        "fields": {
            "domain": "example.com",
            "name": "example.com"
        }
    },
    {
        "model": "wagtailcore.page",
        "pk": 1,
        "fields": {
            "path": "0001",
            "depth": 1,
            "numchild": 2,
            "title": "Root",
            "slug": "root",
            "locale": 1,
            "content_type": [
                "wagtailcore",
                "page"
            ],
            "live": true,
            "url_path": "/",
            "owner": null,
            "show_in_menus": false,
            "first_published_at": null,
            "latest_revision_created_at": null
        }
    },
    {
        "model": "wagtailcore.page",
        "pk": 2,
        "fields": {
            "path": "00010001",
            "depth": 2,
            "numchild": 0,
            "title": "Non-routable page",
            "slug": "non-routable-page",
            "locale": 1,
            "content_type": [
                "wagtailcore",
                "page"
            ],
            "live": true,
            "url_path": "/non-routable-page/",
            "show_in_menus": true,
            "first_published_at": "2016-04-18T11:12:19.295Z",
            "latest_revision_created_at": "2016-04-18T11:54:50.842Z"
        }
    },
    {
        "model": "wagtailcore.page",
        "pk": 5,
        "fields": {
            "path": "00010002",
            "depth": 2,
            "numchild": 5,
            "title": "Home",
            "slug": "home",
            "locale": 1,
            "content_type": [
                "tests",
                "homepage"
            ],
            "live": true,
            "url_path": "/home/",
            "show_in_menus": true,
            "first_published_at": "2016-04-18T11:12:19.295Z",
            "latest_revision_created_at": "2016-04-18T11:54:50.842Z"
        }
    },
    {
        "model": "wagtailcore.page",
        "pk": 6,
        "fields": {
            "path": "000100020001",
            "depth": 3,
            "numchild": 4,
            "title": "About us",
            "slug": "about-us",
            "locale": 1,
            "content_type": [
                "tests",
                "toplevelpage"
            ],
            "live": true,
            "url_path": "/home/about-us/",
            "show_in_menus": true,
            "first_published_at": "2016-04-18T11:14:33.551Z",
            "latest_revision_created_at": "2016-04-18T11:15:05.462Z"
        }
    },
    {
        "model": "wagtailcore.page",
        "pk": 7,
        "fields": {
            "path": "0001000200010001",
            "depth": 4,
            "numchild": 3,
            "title": "Meet the team",
            "slug": "meet-the-team",
            "locale": 1,
            "content_type": [
                "tests",
                "lowlevelpage"
            ],
            "live": true,
            "url_path": "/home/about-us/meet-the-team/",
            "show_in_menus": true,
            "first_published_at": "2016-04-18T11:15:29.218Z",
            "latest_revision_created_at": "2016-04-18T11:15:29.201Z"
        }
    },
    {
        "model": "wagtailcore.page",
        "pk": 31,
        "fields": {
            "path": "00010002000100010001",
            "depth": 5,
            "numchild": 0,
            "title": "Staff member one",
            "slug": "staff-member-one",
            "locale": 1,
            "content_type": [
                "tests",
                "lowlevelpage"
            ],
            "live": true,
            "url_path": "/home/about-us/meet-the-team/staff-member-one/",
            "show_in_menus": true,
            "first_published_at": "2016-04-21T08:46:55.370Z",
            "latest_revision_created_at": "2016-04-21T08:46:55.352Z"
        }
    },
    {
        "model": "wagtailcore.page",
        "pk": 32,
        "fields": {
            "path": "00010002000100010002",
            "depth": 5,
            "numchild": 0,
            "title": "Staff member two",
            "slug": "staff-member-two",
            "locale": 1,
            "content_type": [
                "tests",
                "lowlevelpage"
            ],
            "live": true,
            "url_path": "/home/about-us/meet-the-team/staff-member-two/",
            "show_in_menus": true,
            "first_published_at": "2016-04-21T08:47:09.754Z",
            "latest_revision_created_at": "2016-04-21T08:47:09.737Z"
        }
    },
    {
        "model": "wagtailcore.page",
        "pk": 33,
        "fields": {
            "path": "00010002000100010003",
            "depth": 5,
            "numchild": 0,
            "title": "Staff member three",
            "slug": "staff-member-three",
            "locale": 1,
            "content_type": [
                "tests",
                "lowlevelpage"
            ],
            "live": true,
            "url_path": "/home/about-us/meet-the-team/staff-member-three/",
            "show_in_menus": true,
            "first_published_at": "2016-04-21T08:47:20.581Z",
            "latest_revision_created_at": "2016-04-21T08:47:20.565Z"
        }
    },
    {
        "model": "wagtailcore.page",
        "pk": 8,
        "fields": {
            "path": "0001000200010002",
            "depth": 4,
            "numchild": 0,
            "title": "Our heritage",
            "slug": "our-heritage",
            "locale": 1,
            "content_type": [
                "tests",
                "lowlevelpage"
            ],
            "live": true,
            "url_path": "/home/about-us/our-heritage/",
            "show_in_menus": true,
            "first_published_at": "2016-04-18T11:15:48.376Z",
            "latest_revision_created_at": "2016-04-18T11:15:48.361Z"
        }
    },
    {
        "model": "wagtailcore.page",
        "pk": 9,
        "fields": {
            "path": "0001000200010003",
            "depth": 4,
            "numchild": 0,
            "title": "Our mission and values",
            "slug": "mission-and-values",
            "locale": 1,
            "content_type": [
                "tests",
                "lowlevelpage"
            ],
            "live": true,
            "url_path": "/home/about-us/mission-and-values/",
            "show_in_menus": true,
            "first_published_at": "2016-04-18T11:16:41.371Z",
            "latest_revision_created_at": "2016-04-18T11:16:41.356Z"
        }
    },
    {
        "model": "wagtailcore.page",
        "pk": 10,
        "fields": {
            "path": "0001000200010004",
            "depth": 4,
            "numchild": 0,
            "title": "Staff vacancies",
            "slug": "staff-vacancies",
            "locale": 1,
            "content_type": [
                "tests",
                "typicalpage"
            ],
            "live": true,
            "url_path": "/home/about-us/staff-vacancies/",
            "show_in_menus": false,
            "first_published_at": "2016-04-18T11:17:08.211Z",
            "latest_revision_created_at": "2016-04-18T11:17:08.196Z"
        }
    },
    {
        "model": "wagtailcore.page",
        "pk": 11,
        "fields": {
            "path": "000100020002",
            "depth": 3,
            "numchild": 2,
            "title": "Superheroes",
            "slug": "superheroes",
            "locale": 1,
            "content_type": [
                "tests",
                "toplevelpage"
            ],
            "live": true,
            "url_path": "/home/superheroes/",
            "show_in_menus": false,
            "first_published_at": "2016-04-18T11:19:12.566Z",
            "latest_revision_created_at": "2016-04-18T11:19:12.552Z"
        }
    },
    {
        "model": "wagtailcore.page",
        "pk": 12,
        "fields": {
            "path": "0001000200020001",
            "depth": 4,
            "numchild": 3,
            "title": "Marvel Comics",
            "slug": "marvel-comics",
            "locale": 1,
            "content_type": [
                "tests",
                "lowlevelpage"
            ],
            "live": true,
            "url_path": "/home/superheroes/marvel-comics/",
            "show_in_menus": true,
            "first_published_at": "2016-04-18T11:19:37.045Z",
            "latest_revision_created_at": "2016-04-18T11:19:37.030Z"
        }
    },
    {
        "model": "wagtailcore.page",
        "pk": 28,
        "fields": {
            "path": "00010002000200010001",
            "depth": 5,
            "numchild": 0,
            "title": "Iron Man",
            "slug": "iron-man",
            "locale": 1,
            "content_type": [
                "tests",
                "lowlevelpage"
            ],
            "live": true,
            "url_path": "/home/superheroes/marvel-comics/iron-man/",
            "show_in_menus": true,
            "first_published_at": "2016-04-21T08:45:14.247Z",
            "latest_revision_created_at": "2016-04-21T08:48:53.545Z"
        }
    },
    {
        "model": "wagtailcore.page",
        "pk": 29,
        "fields": {
            "path": "00010002000200010002",
            "depth": 5,
            "numchild": 0,
            "title": "Wolverine",
            "slug": "wolverine",
            "locale": 1,
            "content_type": [
                "tests",
                "lowlevelpage"
            ],
            "live": true,
            "url_path": "/home/superheroes/marvel-comics/wolverine/",
            "show_in_menus": false,
            "first_published_at": "2016-04-21T08:45:26.851Z",
            "latest_revision_created_at": "2016-04-21T08:45:26.834Z"
        }
    },
    {
        "model": "wagtailcore.page",
        "pk": 30,
        "fields": {
            "path": "00010002000200010003",
            "depth": 5,
            "numchild": 0,
            "title": "Spiderman",
            "slug": "spiderman",
            "locale": 1,
            "content_type": [
                "tests",
                "lowlevelpage"
            ],
            "live": true,
            "url_path": "/home/superheroes/marvel-comics/spiderman/",
            "show_in_menus": true,
            "first_published_at": "2016-04-21T08:45:53.957Z",
            "latest_revision_created_at": "2016-04-21T08:49:02.247Z"
        }
    },
    {
        "model": "wagtailcore.page",
        "pk": 13,
        "fields": {
            "path": "0001000200020002",
            "depth": 4,
            "numchild": 3,
            "title": "D.C. Comics",
            "slug": "dc-comics",
            "locale": 1,
            "content_type": [
                "tests",
                "lowlevelpage"
            ],
            "live": true,
            "url_path": "/home/superheroes/dc-comics/",
            "show_in_menus": true,
            "first_published_at": "2016-04-18T11:19:59.116Z",
            "latest_revision_created_at": "2016-04-18T11:19:59.099Z"
        }
    },
    {
        "model": "wagtailcore.page",
        "pk": 25,
        "fields": {
            "path": "00010002000200020001",
            "depth": 5,
            "numchild": 0,
            "title": "Batman",
            "slug": "batman",
            "locale": 1,
            "content_type": [
                "tests",
                "lowlevelpage"
            ],
            "live": true,
            "url_path": "/home/superheroes/dc-comics/batman/",
            "show_in_menus": true,
            "first_published_at": "2016-04-21T08:44:16.023Z",
            "latest_revision_created_at": "2016-04-21T08:44:16.003Z"
        }
    },
    {
        "model": "wagtailcore.page",
        "pk": 26,
        "fields": {
            "path": "00010002000200020002",
            "depth": 5,
            "numchild": 0,
            "title": "Superman",
            "slug": "superman",
            "locale": 1,
            "content_type": [
                "tests",
                "lowlevelpage"
            ],
            "live": true,
            "url_path": "/home/superheroes/dc-comics/superman/",
            "show_in_menus": false,
            "first_published_at": "2016-04-21T08:44:25.864Z",
            "latest_revision_created_at": "2016-04-21T08:48:12.109Z"
        }
    },
    {
        "model": "wagtailcore.page",
        "pk": 27,
        "fields": {
            "path": "00010002000200020003",
            "depth": 5,
            "numchild": 0,
            "title": "Wonder Woman",
            "slug": "wonder-woman",
            "locale": 1,
            "content_type": [
                "tests",
                "lowlevelpage"
            ],
            "live": true,
            "url_path": "/home/superheroes/dc-comics/wonder-woman/",
            "show_in_menus": true,
            "first_published_at": "2016-04-21T08:44:50.467Z",
            "latest_revision_created_at": "2016-04-21T08:47:47.016Z"
        }
    },
    {
        "model": "wagtailcore.page",
        "pk": 14,
        "fields": {
            "path": "000100020003",
            "depth": 3,
            "numchild": 3,
            "title": "News & events",
            "slug": "news-and-events",
            "locale": 1,
            "content_type": [
                "tests",
                "toplevelpage"
            ],
            "live": true,
            "url_path": "/home/news-and-events/",
            "show_in_menus": true,
            "first_published_at": "2016-04-18T11:20:45.992Z",
            "latest_revision_created_at": "2016-04-18T11:20:45.976Z"
        }
    },
    {
        "model": "wagtailcore.page",
        "pk": 15,
        "fields": {
            "path": "0001000200030001",
            "depth": 4,
            "numchild": 1,
            "title": "Latest news",
            "slug": "latest-news",
            "locale": 1,
            "content_type": [
                "tests",
                "articlelistpage"
            ],
            "live": true,
            "url_path": "/home/news-and-events/latest-news/",
            "show_in_menus": true,
            "first_published_at": "2016-04-18T11:21:39.087Z",
            "latest_revision_created_at": "2016-04-18T11:21:39.071Z"
        }
    },
    {
        "model": "wagtailcore.page",
        "pk": 34,
        "fields": {
            "path": "00010002000300010001",
            "depth": 5,
            "numchild": 0,
            "title": "Article One",
            "slug": "article-one",
            "locale": 1,
            "content_type": [
                "tests",
                "articlepage"
            ],
            "live": true,
            "url_path": "/home/news-and-events/latest-news/article-one/",
            "show_in_menus": false,
            "first_published_at": "2016-04-18T11:21:39.087Z",
            "latest_revision_created_at": "2016-04-18T11:21:39.071Z"
        }
    },
    {
        "model": "wagtailcore.page",
        "pk": 16,
        "fields": {
            "path": "0001000200030002",
            "depth": 4,
            "numchild": 0,
            "title": "Upcoming events",
            "slug": "upcoming-events",
            "locale": 1,
            "content_type": [
                "tests",
                "lowlevelpage"
            ],
            "live": true,
            "url_path": "/home/news-and-events/upcoming-events/",
            "show_in_menus": true,
            "first_published_at": "2016-04-18T11:22:08.789Z",
            "latest_revision_created_at": "2016-04-18T11:22:08.773Z"
        }
    },
    {
        "model": "wagtailcore.page",
        "pk": 17,
        "fields": {
            "path": "0001000200030003",
            "depth": 4,
            "numchild": 0,
            "title": "In the press",
            "slug": "press",
            "locale": 1,
            "content_type": [
                "tests",
                "lowlevelpage"
            ],
            "live": true,
            "url_path": "/home/news-and-events/press/",
            "show_in_menus": true,
            "first_published_at": "2016-04-18T11:22:24.623Z",
            "latest_revision_created_at": "2016-04-18T11:22:24.606Z"
        }
    },
    {
        "model": "wagtailcore.page",
        "pk": 18,
        "fields": {
            "path": "000100020004",
            "depth": 3,
            "numchild": 0,
            "title": "Contact us",
            "slug": "contact-us",
            "locale": 1,
            "content_type": [
                "tests",
                "contactpage"
            ],
            "live": true,
            "url_path": "/home/contact-us/",
            "show_in_menus": true,
            "first_published_at": "2016-04-18T11:23:05.728Z",
            "latest_revision_created_at": "2016-04-18T11:39:32.789Z"
        }
    },
    {
        "model": "wagtailcore.page",
        "pk": 19,
        "fields": {
            "path": "000100020005",
            "depth": 3,
            "numchild": 4,
            "title": "Legal",
            "slug": "legal",
            "locale": 1,
            "content_type": [
                "tests",
                "toplevelpage"
            ],
            "live": true,
            "url_path": "/home/legal/",
            "show_in_menus": true,
            "first_published_at": "2016-04-18T11:24:09.013Z",
            "latest_revision_created_at": "2016-04-18T11:25:44.977Z"
        }
    },
    {
        "model": "wagtailcore.page",
        "pk": 20,
        "fields": {
            "path": "0001000200050001",
            "depth": 4,
            "numchild": 0,
            "title": "Accessibility",
            "slug": "accessibility",
            "locale": 1,
            "content_type": [
                "tests",
                "lowlevelpage"
            ],
            "live": true,
            "url_path": "/home/legal/accessibility/",
            "show_in_menus": true,
            "first_published_at": "2016-04-18T11:24:39.476Z",
            "latest_revision_created_at": "2016-04-18T11:24:39.460Z"
        }
    },
    {
        "model": "wagtailcore.page",
        "pk": 21,
        "fields": {
            "path": "0001000200050002",
            "depth": 4,
            "numchild": 0,
            "title": "Privacy policy",
            "slug": "privacy-policy",
            "locale": 1,
            "content_type": [
                "tests",
                "lowlevelpage"
            ],
            "live": true,
            "url_path": "/home/legal/privacy-policy/",
            "show_in_menus": true,
            "first_published_at": "2016-04-18T11:24:55.257Z",
            "latest_revision_created_at": "2016-04-18T11:24:55.239Z"
        }
    },
    {
        "model": "wagtailcore.page",
        "pk": 22,
        "fields": {
            "path": "0001000200050003",
            "depth": 4,
            "numchild": 0,
            "title": "Terms and conditions",
            "slug": "terms-and-conditions",
            "locale": 1,
            "content_type": [
                "tests",
                "lowlevelpage"
            ],
            "live": true,
            "url_path": "/home/legal/terms-and-conditions/",
            "show_in_menus": true,
            "first_published_at": "2016-04-18T11:25:14.635Z",
            "latest_revision_created_at": "2016-04-18T11:25:14.619Z"
        }
    },
    {
        "model": "wagtailcore.page",
        "pk": 24,
        "fields": {
            "path": "0001000200050004",
            "depth": 4,
            "numchild": 0,
            "title": "Test draft",
            "slug": "test",
            "locale": 1,
            "content_type": [
                "tests",
                "lowlevelpage"
            ],
            "live": false,
            "url_path": "/home/legal/test/",
            "show_in_menus": true,
            "first_published_at": null,
            "latest_revision_created_at": "2016-04-18T11:29:42.075Z"
        }
    },
    {
        "model": "tests.lowlevelpage",
        "pk": 7,
        "fields": {}
    },
    {
        "model": "tests.lowlevelpage",
        "pk": 8,
        "fields": {}
    },
    {
        "model": "tests.lowlevelpage",
        "pk": 9,
        "fields": {}
    },
    {
        "model": "tests.typicalpage",
        "pk": 10,
        "fields": {}
    },
    {
        "model": "tests.lowlevelpage",
        "pk": 12,
        "fields": {}
    },
    {
        "model": "tests.lowlevelpage",
        "pk": 13,
        "fields": {}
    },
    {
        "model": "tests.articlelistpage",
        "pk": 15,
        "fields": {}
    },
    {
        "model": "tests.articlepage",
        "pk": 34,
        "fields": {
            "publish_date": "2016-04-18"
        }
    },
    {
        "model": "tests.lowlevelpage",
        "pk": 16,
        "fields": {}
    },
    {
        "model": "tests.lowlevelpage",
        "pk": 17,
        "fields": {}
    },
    {
        "model": "tests.lowlevelpage",
        "pk": 20,
        "fields": {}
    },
    {
        "model": "tests.lowlevelpage",
        "pk": 21,
        "fields": {}
    },
    {
        "model": "tests.lowlevelpage",
        "pk": 22,
        "fields": {}
    },
    {
        "model": "tests.lowlevelpage",
        "pk": 24,
        "fields": {}
    },
    {
        "model": "tests.lowlevelpage",
        "pk": 25,
        "fields": {}
    },
    {
        "model": "tests.lowlevelpage",
        "pk": 26,
        "fields": {}
    },
    {
        "model": "tests.lowlevelpage",
        "pk": 27,
        "fields": {}
    },
    {
        "model": "tests.lowlevelpage",
        "pk": 28,
        "fields": {}
    },
    {
        "model": "tests.lowlevelpage",
        "pk": 29,
        "fields": {}
    },
    {
        "model": "tests.lowlevelpage",
        "pk": 30,
        "fields": {}
    },
    {
        "model": "tests.lowlevelpage",
        "pk": 31,
        "fields": {}
    },
    {
        "model": "tests.lowlevelpage",
        "pk": 32,
        "fields": {}
    },
    {
        "model": "tests.lowlevelpage",
        "pk": 33,
        "fields": {}
    },
    {
        "model": "tests.toplevelpage",
        "pk": 6,
        "fields": {
            "title_de": "Über uns",
            "title_fr": "À propos de nous",
            "repeat_in_subnav": true,
            "repeated_item_text": "Section home",
            "repeated_item_text_de": "Abschnitt zu Hause",
            "repeated_item_text_fr": "Section accueil"
        }
    },
    {
        "model": "tests.toplevelpage",
        "pk": 11,
        "fields": {
            "title_de": "Superhelden",
            "title_fr": "Superheroes",
            "repeat_in_subnav": false,
            "repeated_item_text": ""
        }
    },
    {
        "model": "tests.toplevelpage",
        "pk": 14,
        "fields": {
            "title_de": "News & Veranstaltungen",
            "title_fr": "Nouvelles et événements",
            "repeat_in_subnav": false,
            "repeated_item_text": ""
        }
    },
    {
        "model": "tests.contactpage",
        "pk": 18,
        "fields": {
            "repeat_in_subnav": true,
            "repeated_item_text": ""
        }
    },
    {
        "model": "tests.toplevelpage",
        "pk": 19,
        "fields": {
            "title_de": "Recht",
            "title_fr": "Légal",
            "repeat_in_subnav": false,
            "repeated_item_text": ""
        }
    },
    {
        "model": "tests.homepage",
        "pk": 5,
        "fields": {
            "repeat_in_subnav": false,
            "repeated_item_text": ""
        }
    }
]
