[
{
    "model": "tests.homepage",
    "pk": 5,
    "fields": {
        "repeat_in_subnav": false,
        "repeated_item_text": ""
    }
},
{
    "model": "tests.toplevelpage",
    "pk": 6,
    "fields": {
        "repeat_in_subnav": true,
        "repeated_item_text": "Section home",
        "title_de": "\u00dcber uns",
        "title_fr": "\u00c0 propos de nous",
        "repeated_item_text_de": "Abschnitt zu Hause",
        "repeated_item_text_fr": "Section accueil"
    }
},
{
    "model": "tests.toplevelpage",
    "pk": 11,
    "fields": {
        "repeat_in_subnav": false,
        "repeated_item_text": "",
        "title_de": "Superhelden",
        "title_fr": "Superheroes",
        "repeated_item_text_de": "",
        "repeated_item_text_fr": ""
    }
},
{
    "model": "tests.toplevelpage",
    "pk": 14,
    "fields": {
        "repeat_in_subnav": false,
        "repeated_item_text": "",
        "title_de": "News & Veranstaltungen",
        "title_fr": "Nouvelles et \u00e9v\u00e9nements",
        "repeated_item_text_de": "",
        "repeated_item_text_fr": ""
    }
},
{
    "model": "tests.toplevelpage",
    "pk": 19,
    "fields": {
        "repeat_in_subnav": false,
        "repeated_item_text": "",
        "title_de": "Recht",
        "title_fr": "L\u00e9gal",
        "repeated_item_text_de": "",
        "repeated_item_text_fr": ""
    }
},
{
    "model": "tests.lowlevelpage",
    "pk": 7,
    "fields": {}
},
{
    "model": "tests.lowlevelpage",
    "pk": 8,
    "fields": {}
},
{
    "model": "tests.lowlevelpage",
    "pk": 9,
    "fields": {}
},
{
    "model": "tests.lowlevelpage",
    "pk": 12,
    "fields": {}
},
{
    "model": "tests.lowlevelpage",
    "pk": 13,
    "fields": {}
},
{
    "model": "tests.lowlevelpage",
    "pk": 15,
    "fields": {}
},
{
    "model": "tests.lowlevelpage",
    "pk": 16,
    "fields": {}
},
{
    "model": "tests.lowlevelpage",
    "pk": 17,
    "fields": {}
},
{
    "model": "tests.lowlevelpage",
    "pk": 20,
    "fields": {}
},
{
    "model": "tests.lowlevelpage",
    "pk": 21,
    "fields": {}
},
{
    "model": "tests.lowlevelpage",
    "pk": 22,
    "fields": {}
},
{
    "model": "tests.lowlevelpage",
    "pk": 24,
    "fields": {}
},
{
    "model": "tests.lowlevelpage",
    "pk": 25,
    "fields": {}
},
{
    "model": "tests.lowlevelpage",
    "pk": 26,
    "fields": {}
},
{
    "model": "tests.lowlevelpage",
    "pk": 27,
    "fields": {}
},
{
    "model": "tests.lowlevelpage",
    "pk": 28,
    "fields": {}
},
{
    "model": "tests.lowlevelpage",
    "pk": 29,
    "fields": {}
},
{
    "model": "tests.lowlevelpage",
    "pk": 30,
    "fields": {}
},
{
    "model": "tests.lowlevelpage",
    "pk": 31,
    "fields": {}
},
{
    "model": "tests.lowlevelpage",
    "pk": 32,
    "fields": {}
},
{
    "model": "tests.lowlevelpage",
    "pk": 33,
    "fields": {}
},
{
    "model": "tests.typicalpage",
    "pk": 10,
    "fields": {}
},
{
    "model": "tests.contactpage",
    "pk": 18,
    "fields": {
        "repeat_in_subnav": true,
        "repeated_item_text": ""
    }
},
{
    "model": "tests.noabsoluteurlspage",
    "pk": 34,
    "fields": {
        "repeat_in_subnav": false,
        "repeated_item_text": ""
    }
},
{
    "model": "wagtailmenus.mainmenuitem",
    "pk": 1,
    "fields": {
        "sort_order": 0,
        "link_page": 5,
        "link_url": "",
        "url_append": "",
        "handle": "",
        "link_text": "",
        "allow_subnav": true,
        "menu": 1
    }
},
{
    "model": "wagtailmenus.mainmenuitem",
    "pk": 2,
    "fields": {
        "sort_order": 1,
        "link_page": 6,
        "link_url": "",
        "url_append": "",
        "handle": "",
        "link_text": "About",
        "allow_subnav": true,
        "menu": 1
    }
},
{
    "model": "wagtailmenus.mainmenuitem",
    "pk": 3,
    "fields": {
        "sort_order": 2,
        "link_page": 11,
        "link_url": "",
        "url_append": "",
        "handle": "",
        "link_text": "Superheroes",
        "allow_subnav": true,
        "menu": 1
    }
},
{
    "model": "wagtailmenus.mainmenuitem",
    "pk": 4,
    "fields": {
        "sort_order": 3,
        "link_page": 14,
        "link_url": "",
        "url_append": "",
        "handle": "",
        "link_text": "",
        "allow_subnav": true,
        "menu": 1
    }
},
{
    "model": "wagtailmenus.mainmenuitem",
    "pk": 5,
    "fields": {
        "sort_order": 4,
        "link_page": null,
        "link_url": "http://google.co.uk",
        "url_append": "",
        "handle": "",
        "link_text": "Google",
        "allow_subnav": true,
        "menu": 1
    }
},
{
    "model": "wagtailmenus.mainmenuitem",
    "pk": 6,
    "fields": {
        "sort_order": 5,
        "link_page": 18,
        "link_url": "",
        "url_append": "",
        "handle": "",
        "link_text": "",
        "allow_subnav": true,
        "menu": 1
    }
},
{
    "model": "wagtailmenus.flatmenuitem",
    "pk": 1,
    "fields": {
        "sort_order": 0,
        "link_page": 18,
        "link_url": "",
        "url_append": "#offices",
        "handle": "",
        "link_text": "Call us",
        "allow_subnav": false,
        "menu": 1
    }
},
{
    "model": "wagtailmenus.flatmenuitem",
    "pk": 2,
    "fields": {
        "sort_order": 1,
        "link_page": null,
        "link_url": "#advisor-chat",
        "url_append": "",
        "handle": "",
        "link_text": "Chat to an advisor",
        "allow_subnav": false,
        "menu": 1
    }
},
{
    "model": "wagtailmenus.flatmenuitem",
    "pk": 3,
    "fields": {
        "sort_order": 2,
        "link_page": null,
        "link_url": "#request-callback",
        "url_append": "",
        "handle": "",
        "link_text": "Request a callback",
        "allow_subnav": false,
        "menu": 1
    }
},
{
    "model": "wagtailmenus.flatmenuitem",
    "pk": 4,
    "fields": {
        "sort_order": 0,
        "link_page": 20,
        "link_url": "",
        "url_append": "",
        "handle": "",
        "link_text": "",
        "allow_subnav": false,
        "menu": 2
    }
},
{
    "model": "wagtailmenus.flatmenuitem",
    "pk": 5,
    "fields": {
        "sort_order": 1,
        "link_page": 21,
        "link_url": "",
        "url_append": "",
        "handle": "",
        "link_text": "",
        "allow_subnav": false,
        "menu": 2
    }
},
{
    "model": "wagtailmenus.flatmenuitem",
    "pk": 6,
    "fields": {
        "sort_order": 2,
        "link_page": 22,
        "link_url": "",
        "url_append": "",
        "handle": "",
        "link_text": "",
        "allow_subnav": false,
        "menu": 2
    }
},
{
    "model": "wagtailmenus.flatmenuitem",
    "pk": 7,
    "fields": {
        "sort_order": 3,
        "link_page": 24,
        "link_url": "",
        "url_append": "",
        "handle": "",
        "link_text": "",
        "allow_subnav": false,
        "menu": 2
    }
},
{
    "model": "wagtailmenus.flatmenuitem",
    "pk": 8,
    "fields": {
        "sort_order": 4,
        "link_page": null,
        "link_url": "/about-us/meet-the-team/custom-url/",
        "url_append": "",
        "handle": "",
        "link_text": "Meet the team's pets",
        "allow_subnav": false,
        "menu": 2
    }
},
{
    "model": "wagtailmenus.flatmenuitem",
    "pk": 9,
    "fields": {
        "sort_order": 0,
        "link_page": 6,
        "link_url": "",
        "url_append": "",
        "handle": "",
        "link_text": "",
        "allow_subnav": true,
        "menu": 3
    }
},
{
    "model": "wagtailmenus.flatmenuitem",
    "pk": 10,
    "fields": {
        "sort_order": 1,
        "link_page": 12,
        "link_url": "",
        "url_append": "",
        "handle": "",
        "link_text": "",
        "allow_subnav": false,
        "menu": 3
    }
},
{
    "model": "wagtailmenus.flatmenuitem",
    "pk": 11,
    "fields": {
        "sort_order": 2,
        "link_page": 13,
        "link_url": "",
        "url_append": "",
        "handle": "",
        "link_text": "",
        "allow_subnav": false,
        "menu": 3
    }
},
{
    "model": "sites.site",
    "fields": {
        "domain": "example.com",
        "name": "example.com"
    }
},
{
    "model": "wagtailcore.site",
    "fields": {
        "hostname": "www.wagtailmenus.co.uk",
        "port": 8000,
        "site_name": "wagtailmenus (co.uk)",
        "root_page": 5,
        "is_default_site": true
    }
},
{
    "model": "wagtailcore.site",
    "fields": {
        "hostname": "www.wagtailmenus.org",
        "port": 8000,
        "site_name": "wagtailmenus (org)",
        "root_page": 5,
        "is_default_site": false
    }
},
{
    "model": "wagtailcore.page",
    "pk": 1,
    "fields": {
        "path": "0001",
        "depth": 1,
        "numchild": 2,
        "title": "Root",
        "slug": "root",
        "content_type": [
            "wagtailcore",
            "page"
        ],
        "live": true,
        "has_unpublished_changes": false,
        "url_path": "/",
        "owner": null,
        "seo_title": "",
        "show_in_menus": false,
        "search_description": "",
        "go_live_at": null,
        "expire_at": null,
        "expired": false,
        "locked": false,
        "first_published_at": null,
        "latest_revision_created_at": null
    }
},
{
    "model": "wagtailcore.page",
    "pk": 2,
    "fields": {
        "path": "00010001",
        "depth": 2,
        "numchild": 0,
        "title": "Non-routable page",
        "slug": "non-routable-page",
        "content_type": [
            "wagtailcore",
            "page"
        ],
        "live": true,
        "has_unpublished_changes": false,
        "url_path": "/non-routable-page/",
        "owner": null,
        "seo_title": "",
        "show_in_menus": true,
        "search_description": "",
        "go_live_at": null,
        "expire_at": null,
        "expired": false,
        "locked": false,
        "first_published_at": "2016-04-18T11:12:19.295Z",
        "latest_revision_created_at": "2016-04-18T11:54:50.842Z"
    }
},
{
    "model": "wagtailcore.page",
    "pk": 5,
    "fields": {
        "path": "00010002",
        "depth": 2,
        "numchild": 6,
        "title": "Home",
        "slug": "home",
        "content_type": [
            "tests",
            "homepage"
        ],
        "live": true,
        "has_unpublished_changes": false,
        "url_path": "/home/",
        "owner": null,
        "seo_title": "",
        "show_in_menus": true,
        "search_description": "",
        "go_live_at": null,
        "expire_at": null,
        "expired": false,
        "locked": false,
        "first_published_at": "2016-04-18T11:12:19.295Z",
        "latest_revision_created_at": "2016-04-18T11:54:50.842Z"
    }
},
{
    "model": "wagtailcore.page",
    "pk": 6,
    "fields": {
        "path": "000100020001",
        "depth": 3,
        "numchild": 4,
        "title": "About us",
        "slug": "about-us",
        "content_type": [
            "tests",
            "toplevelpage"
        ],
        "live": true,
        "has_unpublished_changes": false,
        "url_path": "/home/about-us/",
        "owner": null,
        "seo_title": "",
        "show_in_menus": true,
        "search_description": "",
        "go_live_at": null,
        "expire_at": null,
        "expired": false,
        "locked": false,
        "first_published_at": "2016-04-18T11:14:33.551Z",
        "latest_revision_created_at": "2016-04-18T11:15:05.462Z"
    }
},
{
    "model": "wagtailcore.page",
    "pk": 7,
    "fields": {
        "path": "0001000200010001",
        "depth": 4,
        "numchild": 3,
        "title": "Meet the team",
        "slug": "meet-the-team",
        "content_type": [
            "tests",
            "lowlevelpage"
        ],
        "live": true,
        "has_unpublished_changes": false,
        "url_path": "/home/about-us/meet-the-team/",
        "owner": null,
        "seo_title": "",
        "show_in_menus": true,
        "search_description": "",
        "go_live_at": null,
        "expire_at": null,
        "expired": false,
        "locked": false,
        "first_published_at": "2016-04-18T11:15:29.218Z",
        "latest_revision_created_at": "2016-04-18T11:15:29.201Z"
    }
},
{
    "model": "wagtailcore.page",
    "pk": 8,
    "fields": {
        "path": "0001000200010002",
        "depth": 4,
        "numchild": 0,
        "title": "Our heritage",
        "slug": "our-heritage",
        "content_type": [
            "tests",
            "lowlevelpage"
        ],
        "live": true,
        "has_unpublished_changes": false,
        "url_path": "/home/about-us/our-heritage/",
        "owner": null,
        "seo_title": "",
        "show_in_menus": true,
        "search_description": "",
        "go_live_at": null,
        "expire_at": null,
        "expired": false,
        "locked": false,
        "first_published_at": "2016-04-18T11:15:48.376Z",
        "latest_revision_created_at": "2016-04-18T11:15:48.361Z"
    }
},
{
    "model": "wagtailcore.page",
    "pk": 9,
    "fields": {
        "path": "0001000200010003",
        "depth": 4,
        "numchild": 0,
        "title": "Our mission and values",
        "slug": "mission-and-values",
        "content_type": [
            "tests",
            "lowlevelpage"
        ],
        "live": true,
        "has_unpublished_changes": false,
        "url_path": "/home/about-us/mission-and-values/",
        "owner": null,
        "seo_title": "",
        "show_in_menus": true,
        "search_description": "",
        "go_live_at": null,
        "expire_at": null,
        "expired": false,
        "locked": false,
        "first_published_at": "2016-04-18T11:16:41.371Z",
        "latest_revision_created_at": "2016-04-18T11:16:41.356Z"
    }
},
{
    "model": "wagtailcore.page",
    "pk": 10,
    "fields": {
        "path": "0001000200010004",
        "depth": 4,
        "numchild": 0,
        "title": "Staff vacancies",
        "slug": "staff-vacancies",
        "content_type": [
            "tests",
            "typicalpage"
        ],
        "live": true,
        "has_unpublished_changes": false,
        "url_path": "/home/about-us/staff-vacancies/",
        "owner": null,
        "seo_title": "",
        "show_in_menus": false,
        "search_description": "",
        "go_live_at": null,
        "expire_at": null,
        "expired": false,
        "locked": false,
        "first_published_at": "2016-04-18T11:17:08.211Z",
        "latest_revision_created_at": "2016-04-18T11:17:08.196Z"
    }
},
{
    "model": "wagtailcore.page",
    "pk": 11,
    "fields": {
        "path": "000100020002",
        "depth": 3,
        "numchild": 2,
        "title": "Superheroes",
        "slug": "superheroes",
        "content_type": [
            "tests",
            "toplevelpage"
        ],
        "live": true,
        "has_unpublished_changes": false,
        "url_path": "/home/superheroes/",
        "owner": null,
        "seo_title": "",
        "show_in_menus": false,
        "search_description": "",
        "go_live_at": null,
        "expire_at": null,
        "expired": false,
        "locked": false,
        "first_published_at": "2016-04-18T11:19:12.566Z",
        "latest_revision_created_at": "2016-04-18T11:19:12.552Z"
    }
},
{
    "model": "wagtailcore.page",
    "pk": 12,
    "fields": {
        "path": "0001000200020001",
        "depth": 4,
        "numchild": 3,
        "title": "Marvel Comics",
        "slug": "marvel-comics",
        "content_type": [
            "tests",
            "lowlevelpage"
        ],
        "live": true,
        "has_unpublished_changes": false,
        "url_path": "/home/superheroes/marvel-comics/",
        "owner": null,
        "seo_title": "",
        "show_in_menus": true,
        "search_description": "",
        "go_live_at": null,
        "expire_at": null,
        "expired": false,
        "locked": false,
        "first_published_at": "2016-04-18T11:19:37.045Z",
        "latest_revision_created_at": "2016-04-18T11:19:37.030Z"
    }
},
{
    "model": "wagtailcore.page",
    "pk": 13,
    "fields": {
        "path": "0001000200020002",
        "depth": 4,
        "numchild": 3,
        "title": "D.C. Comics",
        "slug": "dc-comics",
        "content_type": [
            "tests",
            "lowlevelpage"
        ],
        "live": true,
        "has_unpublished_changes": false,
        "url_path": "/home/superheroes/dc-comics/",
        "owner": null,
        "seo_title": "",
        "show_in_menus": true,
        "search_description": "",
        "go_live_at": null,
        "expire_at": null,
        "expired": false,
        "locked": false,
        "first_published_at": "2016-04-18T11:19:59.116Z",
        "latest_revision_created_at": "2016-04-18T11:19:59.099Z"
    }
},
{
    "model": "wagtailcore.page",
    "pk": 14,
    "fields": {
        "path": "000100020003",
        "depth": 3,
        "numchild": 3,
        "title": "News & events",
        "slug": "news-and-events",
        "content_type": [
            "tests",
            "toplevelpage"
        ],
        "live": true,
        "has_unpublished_changes": false,
        "url_path": "/home/news-and-events/",
        "owner": null,
        "seo_title": "",
        "show_in_menus": true,
        "search_description": "",
        "go_live_at": null,
        "expire_at": null,
        "expired": false,
        "locked": false,
        "first_published_at": "2016-04-18T11:20:45.992Z",
        "latest_revision_created_at": "2016-04-18T11:20:45.976Z"
    }
},
{
    "model": "wagtailcore.page",
    "pk": 15,
    "fields": {
        "path": "0001000200030001",
        "depth": 4,
        "numchild": 0,
        "title": "Latest news",
        "slug": "latest-news",
        "content_type": [
            "tests",
            "lowlevelpage"
        ],
        "live": true,
        "has_unpublished_changes": false,
        "url_path": "/home/news-and-events/latest-news/",
        "owner": null,
        "seo_title": "",
        "show_in_menus": true,
        "search_description": "",
        "go_live_at": null,
        "expire_at": null,
        "expired": false,
        "locked": false,
        "first_published_at": "2016-04-18T11:21:39.087Z",
        "latest_revision_created_at": "2016-04-18T11:21:39.071Z"
    }
},
{
    "model": "wagtailcore.page",
    "pk": 16,
    "fields": {
        "path": "0001000200030002",
        "depth": 4,
        "numchild": 0,
        "title": "Upcoming events",
        "slug": "upcoming-events",
        "content_type": [
            "tests",
            "lowlevelpage"
        ],
        "live": true,
        "has_unpublished_changes": false,
        "url_path": "/home/news-and-events/upcoming-events/",
        "owner": null,
        "seo_title": "",
        "show_in_menus": true,
        "search_description": "",
        "go_live_at": null,
        "expire_at": null,
        "expired": false,
        "locked": false,
        "first_published_at": "2016-04-18T11:22:08.789Z",
        "latest_revision_created_at": "2016-04-18T11:22:08.773Z"
    }
},
{
    "model": "wagtailcore.page",
    "pk": 17,
    "fields": {
        "path": "0001000200030003",
        "depth": 4,
        "numchild": 0,
        "title": "In the press",
        "slug": "press",
        "content_type": [
            "tests",
            "lowlevelpage"
        ],
        "live": true,
        "has_unpublished_changes": false,
        "url_path": "/home/news-and-events/press/",
        "owner": null,
        "seo_title": "",
        "show_in_menus": true,
        "search_description": "",
        "go_live_at": null,
        "expire_at": null,
        "expired": false,
        "locked": false,
        "first_published_at": "2016-04-18T11:22:24.623Z",
        "latest_revision_created_at": "2016-04-18T11:22:24.606Z"
    }
},
{
    "model": "wagtailcore.page",
    "pk": 18,
    "fields": {
        "path": "000100020004",
        "depth": 3,
        "numchild": 0,
        "title": "Contact us",
        "slug": "contact-us",
        "content_type": [
            "tests",
            "contactpage"
        ],
        "live": true,
        "has_unpublished_changes": false,
        "url_path": "/home/contact-us/",
        "owner": null,
        "seo_title": "",
        "show_in_menus": true,
        "search_description": "",
        "go_live_at": null,
        "expire_at": null,
        "expired": false,
        "locked": false,
        "first_published_at": "2016-04-18T11:23:05.728Z",
        "latest_revision_created_at": "2016-04-18T11:39:32.789Z"
    }
},
{
    "model": "wagtailcore.page",
    "pk": 19,
    "fields": {
        "path": "000100020005",
        "depth": 3,
        "numchild": 4,
        "title": "Legal",
        "slug": "legal",
        "content_type": [
            "tests",
            "toplevelpage"
        ],
        "live": true,
        "has_unpublished_changes": false,
        "url_path": "/home/legal/",
        "owner": null,
        "seo_title": "",
        "show_in_menus": true,
        "search_description": "",
        "go_live_at": null,
        "expire_at": null,
        "expired": false,
        "locked": false,
        "first_published_at": "2016-04-18T11:24:09.013Z",
        "latest_revision_created_at": "2016-04-18T11:25:44.977Z"
    }
},
{
    "model": "wagtailcore.page",
    "pk": 20,
    "fields": {
        "path": "0001000200050001",
        "depth": 4,
        "numchild": 0,
        "title": "Accessibility",
        "slug": "accessibility",
        "content_type": [
            "tests",
            "lowlevelpage"
        ],
        "live": true,
        "has_unpublished_changes": false,
        "url_path": "/home/legal/accessibility/",
        "owner": null,
        "seo_title": "",
        "show_in_menus": true,
        "search_description": "",
        "go_live_at": null,
        "expire_at": null,
        "expired": false,
        "locked": false,
        "first_published_at": "2016-04-18T11:24:39.476Z",
        "latest_revision_created_at": "2016-04-18T11:24:39.460Z"
    }
},
{
    "model": "wagtailcore.page",
    "pk": 21,
    "fields": {
        "path": "0001000200050002",
        "depth": 4,
        "numchild": 0,
        "title": "Privacy policy",
        "slug": "privacy-policy",
        "content_type": [
            "tests",
            "lowlevelpage"
        ],
        "live": true,
        "has_unpublished_changes": false,
        "url_path": "/home/legal/privacy-policy/",
        "owner": null,
        "seo_title": "",
        "show_in_menus": true,
        "search_description": "",
        "go_live_at": null,
        "expire_at": null,
        "expired": false,
        "locked": false,
        "first_published_at": "2016-04-18T11:24:55.257Z",
        "latest_revision_created_at": "2016-04-18T11:24:55.239Z"
    }
},
{
    "model": "wagtailcore.page",
    "pk": 22,
    "fields": {
        "path": "0001000200050003",
        "depth": 4,
        "numchild": 0,
        "title": "Terms and conditions",
        "slug": "terms-and-conditions",
        "content_type": [
            "tests",
            "lowlevelpage"
        ],
        "live": true,
        "has_unpublished_changes": false,
        "url_path": "/home/legal/terms-and-conditions/",
        "owner": null,
        "seo_title": "",
        "show_in_menus": true,
        "search_description": "",
        "go_live_at": null,
        "expire_at": null,
        "expired": false,
        "locked": false,
        "first_published_at": "2016-04-18T11:25:14.635Z",
        "latest_revision_created_at": "2016-04-18T11:25:14.619Z"
    }
},
{
    "model": "wagtailcore.page",
    "pk": 24,
    "fields": {
        "path": "0001000200050004",
        "depth": 4,
        "numchild": 0,
        "title": "Test draft",
        "slug": "test",
        "content_type": [
            "tests",
            "lowlevelpage"
        ],
        "live": false,
        "has_unpublished_changes": false,
        "url_path": "/home/legal/test/",
        "owner": null,
        "seo_title": "",
        "show_in_menus": true,
        "search_description": "",
        "go_live_at": null,
        "expire_at": null,
        "expired": false,
        "locked": false,
        "first_published_at": null,
        "latest_revision_created_at": "2016-04-18T11:29:42.075Z"
    }
},
{
    "model": "wagtailcore.page",
    "pk": 25,
    "fields": {
        "path": "00010002000200020001",
        "depth": 5,
        "numchild": 0,
        "title": "Batman",
        "slug": "batman",
        "content_type": [
            "tests",
            "lowlevelpage"
        ],
        "live": true,
        "has_unpublished_changes": false,
        "url_path": "/home/superheroes/dc-comics/batman/",
        "owner": null,
        "seo_title": "",
        "show_in_menus": true,
        "search_description": "",
        "go_live_at": null,
        "expire_at": null,
        "expired": false,
        "locked": false,
        "first_published_at": "2016-04-21T08:44:16.023Z",
        "latest_revision_created_at": "2016-04-21T08:44:16.003Z"
    }
},
{
    "model": "wagtailcore.page",
    "pk": 26,
    "fields": {
        "path": "00010002000200020002",
        "depth": 5,
        "numchild": 0,
        "title": "Superman",
        "slug": "superman",
        "content_type": [
            "tests",
            "lowlevelpage"
        ],
        "live": true,
        "has_unpublished_changes": false,
        "url_path": "/home/superheroes/dc-comics/superman/",
        "owner": null,
        "seo_title": "",
        "show_in_menus": false,
        "search_description": "",
        "go_live_at": null,
        "expire_at": null,
        "expired": false,
        "locked": false,
        "first_published_at": "2016-04-21T08:44:25.864Z",
        "latest_revision_created_at": "2016-04-21T08:48:12.109Z"
    }
},
{
    "model": "wagtailcore.page",
    "pk": 27,
    "fields": {
        "path": "00010002000200020003",
        "depth": 5,
        "numchild": 0,
        "title": "Wonder Woman",
        "slug": "wonder-woman",
        "content_type": [
            "tests",
            "lowlevelpage"
        ],
        "live": true,
        "has_unpublished_changes": false,
        "url_path": "/home/superheroes/dc-comics/wonder-woman/",
        "owner": null,
        "seo_title": "",
        "show_in_menus": true,
        "search_description": "",
        "go_live_at": null,
        "expire_at": null,
        "expired": false,
        "locked": false,
        "first_published_at": "2016-04-21T08:44:50.467Z",
        "latest_revision_created_at": "2016-04-21T08:47:47.016Z"
    }
},
{
    "model": "wagtailcore.page",
    "pk": 28,
    "fields": {
        "path": "00010002000200010001",
        "depth": 5,
        "numchild": 0,
        "title": "Iron Man",
        "slug": "iron-man",
        "content_type": [
            "tests",
            "lowlevelpage"
        ],
        "live": true,
        "has_unpublished_changes": false,
        "url_path": "/home/superheroes/marvel-comics/iron-man/",
        "owner": null,
        "seo_title": "",
        "show_in_menus": true,
        "search_description": "",
        "go_live_at": null,
        "expire_at": null,
        "expired": false,
        "locked": false,
        "first_published_at": "2016-04-21T08:45:14.247Z",
        "latest_revision_created_at": "2016-04-21T08:48:53.545Z"
    }
},
{
    "model": "wagtailcore.page",
    "pk": 29,
    "fields": {
        "path": "00010002000200010002",
        "depth": 5,
        "numchild": 0,
        "title": "Wolverine",
        "slug": "wolverine",
        "content_type": [
            "tests",
            "lowlevelpage"
        ],
        "live": true,
        "has_unpublished_changes": false,
        "url_path": "/home/superheroes/marvel-comics/wolverine/",
        "owner": null,
        "seo_title": "",
        "show_in_menus": false,
        "search_description": "",
        "go_live_at": null,
        "expire_at": null,
        "expired": false,
        "locked": false,
        "first_published_at": "2016-04-21T08:45:26.851Z",
        "latest_revision_created_at": "2016-04-21T08:45:26.834Z"
    }
},
{
    "model": "wagtailcore.page",
    "pk": 30,
    "fields": {
        "path": "00010002000200010003",
        "depth": 5,
        "numchild": 0,
        "title": "Spiderman",
        "slug": "spiderman",
        "content_type": [
            "tests",
            "lowlevelpage"
        ],
        "live": true,
        "has_unpublished_changes": false,
        "url_path": "/home/superheroes/marvel-comics/spiderman/",
        "owner": null,
        "seo_title": "",
        "show_in_menus": true,
        "search_description": "",
        "go_live_at": null,
        "expire_at": null,
        "expired": false,
        "locked": false,
        "first_published_at": "2016-04-21T08:45:53.957Z",
        "latest_revision_created_at": "2016-04-21T08:49:02.247Z"
    }
},
{
    "model": "wagtailcore.page",
    "pk": 31,
    "fields": {
        "path": "00010002000100010001",
        "depth": 5,
        "numchild": 0,
        "title": "Staff member one",
        "slug": "staff-member-one",
        "content_type": [
            "tests",
            "lowlevelpage"
        ],
        "live": true,
        "has_unpublished_changes": false,
        "url_path": "/home/about-us/meet-the-team/staff-member-one/",
        "owner": null,
        "seo_title": "",
        "show_in_menus": true,
        "search_description": "",
        "go_live_at": null,
        "expire_at": null,
        "expired": false,
        "locked": false,
        "first_published_at": "2016-04-21T08:46:55.370Z",
        "latest_revision_created_at": "2016-04-21T08:46:55.352Z"
    }
},
{
    "model": "wagtailcore.page",
    "pk": 32,
    "fields": {
        "path": "00010002000100010002",
        "depth": 5,
        "numchild": 0,
        "title": "Staff member two",
        "slug": "staff-member-two",
        "content_type": [
            "tests",
            "lowlevelpage"
        ],
        "live": true,
        "has_unpublished_changes": false,
        "url_path": "/home/about-us/meet-the-team/staff-member-two/",
        "owner": null,
        "seo_title": "",
        "show_in_menus": true,
        "search_description": "",
        "go_live_at": null,
        "expire_at": null,
        "expired": false,
        "locked": false,
        "first_published_at": "2016-04-21T08:47:09.754Z",
        "latest_revision_created_at": "2016-04-21T08:47:09.737Z"
    }
},
{
    "model": "wagtailcore.page",
    "pk": 33,
    "fields": {
        "path": "00010002000100010003",
        "depth": 5,
        "numchild": 0,
        "title": "Staff member three",
        "slug": "staff-member-three",
        "content_type": [
            "tests",
            "lowlevelpage"
        ],
        "live": true,
        "has_unpublished_changes": false,
        "url_path": "/home/about-us/meet-the-team/staff-member-three/",
        "owner": null,
        "seo_title": "",
        "show_in_menus": true,
        "search_description": "",
        "go_live_at": null,
        "expire_at": null,
        "expired": false,
        "locked": false,
        "first_published_at": "2016-04-21T08:47:20.581Z",
        "latest_revision_created_at": "2016-04-21T08:47:20.565Z"
    }
},
{
    "model": "wagtailcore.page",
    "pk": 34,
    "fields": {
        "path": "000100020006",
        "depth": 3,
        "numchild": 0,
        "title": "Compatibility Test Page",
        "slug": "compatibility-test-page",
        "content_type": [
            "tests",
            "noabsoluteurlspage"
        ],
        "live": true,
        "has_unpublished_changes": false,
        "url_path": "/home/compatibility-test-page/",
        "owner": null,
        "seo_title": "",
        "show_in_menus": true,
        "search_description": "",
        "go_live_at": null,
        "expire_at": null,
        "expired": false,
        "locked": false,
        "first_published_at": "2017-07-10T17:52:22.604Z",
        "latest_revision_created_at": "2017-07-10T18:10:20.787Z"
    }
},
{
    "model": "wagtailmenus.flatmenu",
    "pk": 1,
    "fields": {
        "site": [
            "www.wagtailmenus.co.uk",
            8000
        ],
        "title": "\u043a\u043e\u043d\u0442\u0430\u043a\u0442 \u0441\u0441\u044b\u043b\u043a\u0438",
        "handle": "contact",
        "heading": "",
        "max_levels": 1,
        "use_specific": 1
    }
},
{
    "model": "wagtailmenus.flatmenu",
    "pk": 2,
    "fields": {
        "site": [
            "www.wagtailmenus.co.uk",
            8000
        ],
        "title": "odkazy v z\u00e1pat\u00ed",
        "handle": "footer",
        "heading": "Important links",
        "max_levels": 1,
        "use_specific": 1
    }
},
{
    "model": "wagtailmenus.flatmenu",
    "pk": 3,
    "fields": {
        "site": [
            "www.wagtailmenus.co.uk",
            8000
        ],
        "title": "Header navigation (secondary)",
        "handle": "header-secondary",
        "heading": "",
        "max_levels": 1,
        "use_specific": 1
    }
},
{
    "model": "wagtailmenus.mainmenu",
    "pk": 1,
    "fields": {
        "site": [
            "www.wagtailmenus.co.uk",
            8000
        ],
        "max_levels": 2,
        "use_specific": 1
    }
}
]
